rank,name,url,region,score,verdict,has_api,engine,http_status,latency_ms,real_models_count,models_signaled,payment,uptime_pct,streak_days,last_verified
1,PackyAPI (PackyCode),https://www.packyapi.com,cn,9.9,likely_relay,Y,,200,177,0,claude|gpt|gemini|openai,wechat,96.7,0,2026-06-04
2,AIHubMix,https://aihubmix.com,global,9.9,likely_relay,Y,openrouter,200,394,236,claude|gpt|gemini|chatgpt|openai|deepseek|qwen,,96.7,0,2026-06-04
3,BUZZ,https://buzzai.cc,global,9.9,likely_relay,Y,one-api,200,2467,0,claude|gpt|gemini|anthropic|openai|grok,card,96.7,0,2026-06-04
4,api.vveai.com,https://api.vveai.com,cn,9.8,likely_relay,Y,,200,115,0,claude|gpt|gemini|chatgpt|openai|deepseek|qwen|grok,,96.7,0,2026-06-04
5,ePhone AI,https://api.ephone.ai,cn,9.8,likely_relay,Y,,200,165,0,claude|gpt|gemini|openai|deepseek,,96.7,0,2026-06-04
6,api.oneabc.org,https://api.oneabc.org,cn,9.8,likely_relay,Y,,200,175,0,claude|gpt|gemini|chatgpt|openai|deepseek,,96.7,0,2026-06-04
7,Featherless,https://featherless.ai,global,9.8,likely_relay,Y,one-api,200,218,0,gpt|openai|deepseek|qwen|mistral|llama,,96.7,0,2026-06-04
8,api.v36.cm,https://api.v36.cm,cn,9.8,likely_relay,Y,,200,229,0,claude|gpt|gemini|chatgpt|openai|deepseek|qwen|grok,,96.7,0,2026-06-04
9,api.v3.cm,https://api.v3.cm,cn,9.8,likely_relay,Y,,200,278,0,claude|gpt|gemini|chatgpt|openai|deepseek|qwen|grok,,96.7,0,2026-06-04
10,api.gpt.ge,https://api.gpt.ge,cn,9.8,likely_relay,Y,,200,301,0,claude|gpt|gemini|chatgpt|openai|deepseek|qwen|grok,,96.7,0,2026-06-04
11,Yuegle API,https://api.yuegle.com,cn,9.8,likely_relay,Y,,200,343,0,claude|gpt|gemini|chatgpt|openai|deepseek|grok,,96.7,0,2026-06-04
12,Avian,https://avian.io,global,9.8,likely_relay,Y,,200,526,8,claude|gpt|anthropic|openai|deepseek|llama,,96.7,0,2026-06-04
13,apipro.maynor1024.live,https://apipro.maynor1024.live,cn,9.8,likely_relay,Y,,200,540,0,claude|gpt|gemini|openai|grok,,96.7,0,2026-06-04
14,jeniya.cn,https://jeniya.cn,cn,9.8,likely_relay,Y,,200,654,0,claude|gpt|chatgpt|openai|deepseek,,96.7,0,2026-06-04
15,ClaudeCN,https://claudecn.top,cn,9.8,likely_relay,Y,,200,1089,0,claude|gpt|gemini|anthropic|openai|deepseek,,96.7,0,2026-06-04
16,便携AI聚合API,https://api.bianxieai.com,cn,9.8,likely_relay,Y,new-api,200,1209,0,claude|gemini|openai|deepseek|qwen|grok,,96.7,0,2026-06-04
17,TiMi CC,https://timicc.com,global,9.7,likely_relay,Y,,200,154,0,gpt|qwen,wechat,96.7,0,2026-06-04
18,api.timebackward.com,https://api.timebackward.com,cn,9.7,likely_relay,Y,,200,359,0,claude|gpt|gemini|deepseek,,96.7,0,2026-06-04
19,神马中转API_API中转站_国内直连ChatGPT/Claude/Gemini,https://api.whatai.cc,cn,9.7,likely_relay,Y,,200,464,0,claude|gpt|gemini|chatgpt,,96.7,0,2026-06-04
20,api-gptgod-work,https://api.gptgod.work,global,9.7,likely_relay,Y,,200,775,349,,,96.7,0,2026-06-04
21,api.ifopen.ai,https://api.ifopen.ai,cn,9.6,likely_relay,Y,new-api,200,121,0,claude|gemini|openai,,96.7,0,2026-06-04
22,chatapi.onechats.top,https://chatapi.onechats.top,cn,9.6,likely_relay,Y,new-api,200,129,0,claude|gemini|openai,,96.7,0,2026-06-04
23,api-deerapi-com,https://api.deerapi.com,cn,9.6,likely_relay,Y,,200,132,0,claude|gemini|openai,,96.7,0,2026-06-04
24,api.ekan8.com,https://api.ekan8.com,cn,9.6,likely_relay,Y,new-api,200,134,0,claude|gemini|openai,,96.7,0,2026-06-04
25,api.onechats.top,https://api.onechats.top,cn,9.6,likely_relay,Y,new-api,200,152,0,claude|gemini|openai,,96.7,0,2026-06-04
26,api.dzzi.ai,https://api.dzzi.ai,cn,9.6,likely_relay,Y,new-api,200,159,0,claude|gemini|openai,,96.7,0,2026-06-04
27,api.gemai.cc,https://api.gemai.cc,cn,9.6,likely_relay,Y,new-api,200,159,0,claude|gemini|openai,,96.7,0,2026-06-04
28,onetoken.one,https://onetoken.one,cn,9.6,likely_relay,Y,new-api,200,210,0,claude|gemini|openai,,96.7,0,2026-06-04
29,柏拉图AI_API中转站 (api.bltcy.ai),https://api.bltcy.ai,cn,9.6,likely_relay,Y,,200,251,0,claude|gpt|openai,,96.7,0,2026-06-04
30,api.aigcbest.top,https://api.aigcbest.top,cn,9.6,likely_relay,Y,new-api,200,255,0,claude|gemini|openai,,96.7,0,2026-06-04
31,aigcbest.top,https://aigcbest.top,cn,9.6,likely_relay,Y,new-api,200,277,0,claude|gemini|openai,,96.7,0,2026-06-04
32,Aiberm,https://aiberm.com,global,9.6,likely_relay,Y,,200,292,0,claude|gemini|openai,,96.7,0,2026-06-04
33,ggwk1.online,https://www.ggwk1.online,cn,9.6,likely_relay,Y,new-api,200,293,0,claude|gemini|openai,,96.7,0,2026-06-04
34,api.ikuncode.cc,https://api.ikuncode.cc,cn,9.6,likely_relay,Y,new-api,200,314,0,claude|gemini|openai,,96.7,0,2026-06-04
35,api.openai-ch.top,https://api.openai-ch.top,cn,9.6,likely_relay,Y,new-api,200,384,0,claude|gemini|openai,,96.7,0,2026-06-04
36,api.kissapi.ai,https://api.kissapi.ai,cn,9.6,likely_relay,Y,new-api,200,397,0,claude|gemini|openai,,96.7,0,2026-06-04
37,KKSJ AI模型中转API,https://cnapi.kksj.org,cn,9.6,likely_relay,Y,new-api,200,425,0,claude|gemini|openai,,96.7,0,2026-06-04
38,api.soruxgpt.com,https://api.soruxgpt.com,cn,9.6,likely_relay,Y,new-api,200,454,0,claude|gemini|openai,,96.7,0,2026-06-04
39,柏拉图AI_API中转站 (api.bltcy.top),https://api.bltcy.top,cn,9.6,likely_relay,Y,,200,479,0,claude|gpt|openai,,96.7,0,2026-06-04
40,api.aabao.vip,https://api.aabao.vip,cn,9.6,likely_relay,Y,new-api,200,532,0,claude|gemini|openai,,96.7,0,2026-06-04
41,api.cursorai.art,https://api.cursorai.art,global,9.6,likely_relay,Y,,200,574,0,claude|gpt|chatgpt,,96.7,0,2026-06-04
42,apirouter.ai,https://apirouter.ai,cn,9.6,likely_relay,Y,new-api,200,625,0,claude|gemini|openai,,96.7,0,2026-06-04
43,api-chatfire-cn,https://api.chatfire.cn,cn,9.6,likely_relay,Y,,200,673,0,claude|gemini|openai,,96.7,0,2026-06-04
44,api-mnapi-com,https://api.mnapi.com,cn,9.6,likely_relay,Y,,200,716,0,claude|gemini|openai,,96.7,0,2026-06-04
45,api.aipaibox.com,https://api.aipaibox.com,cn,9.6,likely_relay,Y,new-api,200,761,0,claude|gemini|openai,,96.7,0,2026-06-04
46,api-996444-cn,https://api.996444.cn,cn,9.6,likely_relay,Y,,200,766,0,claude|gemini|openai,,96.7,0,2026-06-04
47,Xcode,https://xcode.best,cn,9.6,likely_relay,Y,new-api,200,824,0,claude|gemini|openai,,96.7,0,2026-06-04
48,oneapi.paintbot.top,https://oneapi.paintbot.top,cn,9.6,likely_relay,Y,new-api,200,881,0,claude|gemini|openai,,96.7,0,2026-06-04
49,chatfire.cn,https://chatfire.cn,cn,9.6,likely_relay,Y,new-api,200,1106,0,claude|gemini|openai,,96.7,0,2026-06-04
50,DDS Hub,https://www.ddshub.cc,global,9.6,likely_relay,Y,,200,1425,0,gpt|qwen|grok,,96.7,0,2026-06-04
51,marting.pro,https://marting.pro,global,9.5,likely_relay,Y,,200,194,0,gpt|chatgpt,,96.7,0,2026-06-04
52,NekoAPI,https://api.nekoapi.com,cn,9.5,likely_relay,Y,,200,288,0,claude|openai,,96.7,0,2026-06-04
53,comfly,https://ai.comfly.chat,global,9.5,likely_relay,Y,,200,667,0,gpt|openai,,96.7,0,2026-06-04
54,Tokencloud.ai,https://ai.tokencloud.ai,global,9.5,likely_relay,Y,,200,1410,0,,wechat,96.7,0,2026-06-04
55,Doro AI,https://doro.lol,cn,9.5,likely_relay,Y,new-api,200,2306,0,claude|gpt|gemini|chatgpt|anthropic,,93.3,0,2026-06-04
56,GPTNB ONEAPI,https://oneapi.gptnb.ai,cn,9.4,likely_relay,Y,,200,142,0,gpt,,96.7,0,2026-06-04
57,API Management,https://sparkcode.top,cn,9.4,likely_relay,Y,,200,193,0,openai,,96.7,0,2026-06-04
58,Neo API (api.oaipro.com),https://api.oaipro.com,cn,9.4,likely_relay,Y,,200,231,0,openai,,96.7,0,2026-06-04
59,AnyRouter — Universal AI Model Router,https://anyrouter.dev,global,9.4,likely_relay,Y,,200,269,0,claude,,96.7,0,2026-06-04
60,老张API,https://api.laozhang.ai,global,9.4,likely_relay,Y,,200,328,0,gpt,,96.7,0,2026-06-04
61,zen-ai.top,https://zen-ai.top,cn,9.4,likely_relay,Y,,200,341,0,openai,,96.7,0,2026-06-04
62,Unified API,https://unifiedapi.cloud,cn,9.4,likely_relay,Y,,200,735,0,openai,,96.7,0,2026-06-04
63,Chat API,https://api.mixrai.com,cn,9.4,likely_relay,Y,,200,815,0,openai,,96.7,0,2026-06-04
64,API Market (api.302ai.cn),https://api.302ai.cn,global,9.4,likely_relay,Y,,200,2210,0,gpt|gemini|anthropic|openai,,93.3,0,2026-06-04
65,35.aigcbest.top,https://35.aigcbest.top,global,9.3,likely_relay,Y,new-api,200,82,0,,,96.7,0,2026-06-04
66,Ai实验室,https://www.openai-labs.com,cn,9.3,likely_relay,Y,,200,108,0,,,96.7,0,2026-06-04
67,api-gptsapi-net,https://api.gptsapi.net,global,9.3,likely_relay,Y,,200,119,0,,,96.7,0,2026-06-04
68,ChatAnywhere (api.chatanywhere.org),https://api.chatanywhere.org,global,9.3,likely_relay,Y,,200,119,0,,,96.7,0,2026-06-04
69,new.yunai.link,https://new.yunai.link,cn,9.3,likely_relay,Y,,200,129,0,claude|gemini|openai,,80.0,0,2026-06-04
70,KFC V50 API,https://kfcv50.link,cn,9.3,likely_relay,Y,,200,190,0,,,96.7,0,2026-06-04
71,无限API,https://infai.cc,cn,9.3,likely_relay,Y,new-api,200,192,0,,,96.7,0,2026-06-04
72,云雾 API (YunWu),https://yunwu.ai,cn,9.3,likely_relay,Y,,200,214,0,,,96.7,0,2026-06-04
73,api-featherless-ai,https://api.featherless.ai,global,9.3,likely_relay,Y,,200,233,0,,,96.7,0,2026-06-04
74,Shell API (gptgod.cloud),https://gptgod.cloud,cn,9.3,likely_relay,Y,,200,249,0,,,96.7,0,2026-06-04
75,api-holdai-top,https://api.holdai.top,cn,9.3,likely_relay,Y,,200,251,0,claude|gemini|openai,,93.3,0,2026-06-04
76,Loading...,https://co.yes.vg,global,9.3,likely_relay,Y,,200,316,0,,,96.7,0,2026-06-04
77,数标标API,https://api.ai-gaochao.cn,cn,9.3,likely_relay,Y,,200,385,0,,,96.7,0,2026-06-04
78,发现AI,https://www.findcg.com,cn,9.3,likely_relay,Y,,200,403,0,,,96.7,0,2026-06-04
79,zerocode.sbs,https://zerocode.sbs,global,9.3,likely_relay,Y,new-api,200,419,0,,,96.7,0,2026-06-04
80,404 Not Found (api.aabao.top),https://api.aabao.top,global,9.3,likely_relay,Y,,200,435,0,,,96.7,0,2026-06-04
81,Nio API,https://api.nio.gs,global,9.3,likely_relay,Y,new-api,200,491,0,,,96.7,0,2026-06-04
82,YUNWU.AI (云雾 API),https://api.wlai.vip,cn,9.3,likely_relay,Y,,200,513,0,,,96.7,0,2026-06-04
83,Ai-hub,https://api.openai-up.com,cn,9.3,likely_relay,Y,,200,514,0,,,96.7,0,2026-06-04
84,Shell API (api.pumpkinaigc.online),https://api.pumpkinaigc.online,cn,9.3,likely_relay,Y,,200,596,0,,,96.7,0,2026-06-04
85,xeduapi.com,https://xeduapi.com,global,9.3,likely_relay,Y,new-api,200,624,0,,,96.7,0,2026-06-04
86,DeerAPI (小鹿API),https://deerapi.com,cn,9.3,likely_relay,Y,,200,662,0,claude|gemini|openai,,93.3,0,2026-06-04
87,ChatAnywhere (api.chatanywhere.tech),https://api.chatanywhere.tech,global,9.3,likely_relay,Y,,200,780,0,,,96.7,0,2026-06-04
88,anyrouter-top,https://anyrouter.top,global,9.3,likely_relay,Y,,200,1024,0,,,96.7,0,2026-06-04
89,duckcoding.ai,https://www.duckcoding.ai,global,9.3,likely_relay,Y,new-api,200,1271,0,,,96.7,0,2026-06-04
90,duckcoding.com,https://duckcoding.com,global,9.3,likely_relay,Y,new-api,200,1433,0,,,96.7,0,2026-06-04
91,api-moonshot-cn,https://api.moonshot.cn,global,9.3,likely_relay,Y,,200,1804,0,,,96.7,0,2026-06-04
92,dawclaudecode.com,https://dawclaudecode.com,cn,9.3,likely_relay,Y,new-api,200,4836,0,claude|gemini|openai,,96.7,0,2026-06-04
93,chintao.cn,https://chintao.cn,cn,9.3,likely_relay,Y,,200,14286,0,claude|gemini|openai,,96.7,0,2026-06-04
94,api.aikeji.vip,https://api.aikeji.vip,cn,9.1,likely_relay,Y,,200,99,0,openai,,80.0,0,2026-06-04
95,open.xiaojingai.com,https://open.xiaojingai.com,global,9.0,likely_relay,Y,new-api,200,360,0,,,93.3,0,2026-06-04
96,API Market (api.302ai.com),https://api.302ai.com,global,9.0,likely_relay,Y,,200,650,0,gpt|gemini|anthropic|openai,,50.0,0,2026-06-04
97,LLM Relay,https://terminal.pub,global,9.0,likely_relay,Y,,200,750,0,,,86.7,0,2026-06-04
98,Requesty,https://www.requesty.ai,global,8.5,likely_relay,N,,200,151,0,claude|gpt|gemini|anthropic|openai|deepseek|mistral|llama,card,96.7,0,2026-06-04
99,CloseAI,https://www.closeai-asia.com,cn,8.5,likely_relay,N,,200,153,0,claude|gpt|gemini|chatgpt|anthropic|openai,alipay,96.7,0,2026-06-04
100,HolySheep AI,https://holysheep.ai,cn,8.5,likely_relay,N,,200,260,0,claude|gpt|gemini|anthropic|openai,alipay|wechat|crypto,96.7,0,2026-06-04
101,MegaLLM,https://megallm.io,global,8.5,likely_relay,N,one-api,200,315,0,claude|gpt|gemini|anthropic|openai|mistral|grok|llama,card,96.7,0,2026-06-04
102,OhMyGPT,https://www.ohmygpt.com,global,8.5,likely_relay,N,,200,478,0,claude|gpt|gemini|chatgpt|anthropic|openai|deepseek|qwen|mistral|grok|llama,alipay|wechat|card,96.7,0,2026-06-04
103,APIMart (apimart.ai),https://apimart.ai,global,8.5,likely_relay,N,dify,200,481,0,claude|gpt|gemini|anthropic|openai|deepseek|qwen|grok|llama,alipay|wechat|card|crypto,96.7,0,2026-06-04
104,OfoxAI,https://ofox.ai,global,8.5,likely_relay,N,one-api,200,654,0,claude|gpt|gemini|chatgpt|anthropic|openai|deepseek|qwen|mistral|grok|llama,alipay|wechat|card,96.7,0,2026-06-04
105,Novita AI,https://novita.ai,global,8.5,likely_relay,N,one-api,200,892,0,claude|anthropic|openai|deepseek|qwen|llama,card|crypto,96.7,0,2026-06-04
106,OminiGate,https://ominigate.com,global,8.5,likely_relay,N,one-api,200,977,0,claude|gpt|gemini|anthropic|openai|deepseek|qwen|mistral,card,96.7,0,2026-06-04
107,302.AI,https://302.ai,cn,8.5,likely_relay,N,chatnext-web,200,1604,0,claude|gpt|gemini|anthropic|openai|deepseek|qwen|mistral|grok,wechat,96.7,0,2026-06-04
108,DeRouter,https://derouter.ai,cn,8.5,likely_relay,N,one-api,200,1718,0,claude|gpt|chatgpt|anthropic|openai,card|crypto,96.7,0,2026-06-04
109,接口AI 一站式多模型 API 中转平台，快速集成智能应用,https://jiekou.ai,cn,8.5,likely_relay,N,,200,2473,0,claude|gpt|gemini|chatgpt|anthropic|openai|deepseek|qwen|mistral|grok|llama,alipay|wechat|card|crypto,96.7,0,2026-06-04
110,SambaNova,https://sambanova.ai,global,8.3,likely_relay,N,dify,200,171,0,gpt|openai|deepseek|qwen|llama,,96.7,0,2026-06-04
111,APIYI,https://apiyi.com,global,8.3,likely_relay,N,,200,201,0,claude|gpt|gemini|openai|grok,,96.7,0,2026-06-04
112,API Access 文档中心,https://aigateway.vercel.app,cn,8.3,likely_relay,N,,200,226,0,claude|gpt|gemini|anthropic|openai|mistral|grok|llama,,96.7,0,2026-06-04
113,API易,https://docs.apiyi.com,cn,8.3,likely_relay,N,dify,200,265,0,claude|gpt|gemini|chatgpt|anthropic|openai|deepseek|qwen|grok,,96.7,0,2026-06-04
114,OpenRouter,https://openrouter.ai,global,8.3,likely_relay,N,one-api,200,465,0,claude|gpt|gemini|anthropic|openai|deepseek|qwen|mistral|llama,,96.7,0,2026-06-04
115,Poixe AI,https://poixe.com,cn,8.3,likely_relay,N,,200,653,0,claude|gpt|gemini|chatgpt|deepseek|grok,,96.7,0,2026-06-04
116,UIUIAPI聚合平台,https://uiuiapi.com,cn,8.3,likely_relay,N,,200,1173,0,claude|gpt|gemini|chatgpt|anthropic|openai|deepseek|qwen|grok,,96.7,0,2026-06-04
117,GitHub (songquanpeng/one-api),https://github.com/songquanpeng/one-api,cn,8.3,likely_relay,N,one-api,200,1359,0,claude|gpt|gemini|chatgpt|anthropic|openai|deepseek,,96.7,0,2026-06-04
118,PoloAPI-直连官转中转API,https://poloapi.com,cn,8.2,likely_relay,N,,200,353,0,claude|gpt|gemini|chatgpt|openai|deepseek|qwen|mistral|grok|llama,wechat,93.3,0,2026-06-04
119,RightCode,https://www.right.codes,cn,8.1,likely_relay,N,,200,424,0,claude|gemini|grok,,96.7,0,2026-06-04
120,LLM Gateway,https://llmgateway.io,global,8.1,likely_relay,N,one-api,200,608,0,gpt|anthropic|openai|qwen,card,93.3,0,2026-06-04
121,GitHub (QuantumNous/new-api),https://github.com/QuantumNous/new-api,global,8.1,likely_relay,N,new-api,200,830,0,claude|gemini|openai,,96.7,0,2026-06-04
122,GitHub (Calcium-Ion/new-api),https://github.com/Calcium-Ion/new-api,global,8.1,likely_relay,N,new-api,200,960,0,claude|gemini|openai,,96.7,0,2026-06-04
123,helicone-ai,https://helicone.ai,global,7.8,probable_relay,N,litellm,200,308,0,gemini|anthropic|openai|deepseek|mistral|llama,card,96.7,0,2026-06-04
124,Access 500+ AI Models with a Single AI API,https://www.aimlapi.com,global,7.8,probable_relay,N,one-api,200,648,0,claude|gpt|gemini|chatgpt|anthropic|openai|deepseek|qwen|mistral|grok|llama,crypto,96.7,0,2026-06-04
125,AI实验室,https://aigc369.com,cn,7.8,probable_relay,N,,200,1240,0,claude|gpt|gemini|chatgpt|openai,wechat,96.7,0,2026-06-04
126,Hyperbolic – The Open-Access AI Cloud,https://hyperbolic.xyz,global,7.7,probable_relay,N,,200,286,0,openai|deepseek|qwen|llama,card|crypto,96.7,0,2026-06-04
127,APIMart (apicore.ai),https://www.apicore.ai,cn,7.6,probable_relay,N,,200,176,0,claude|gpt|gemini|chatgpt|openai,,96.7,0,2026-06-04
128,"Groq is fast, low cost inference.",https://groq.com,global,7.6,probable_relay,N,dify,200,436,0,gpt|anthropic|openai|qwen|mistral|llama,,96.7,0,2026-06-04
129,AICodeMirror官方共享平台,https://www.aicodemirror.com,cn,7.6,probable_relay,N,,200,442,0,claude|gemini|openai,alipay,96.7,0,2026-06-04
130,azapi-com-cn,https://azapi.com.cn,cn,7.4,probable_relay,N,,200,452,0,claude|gemini|openai,,96.7,0,2026-06-04
131,AAIFE API,https://apid.aaife.cn,cn,7.0,needs_review,N,,200,1617,0,claude|gpt|gemini|chatgpt|anthropic|openai|grok,wechat,96.7,0,2026-06-04
132,Machine Learning Models and Infrastructure,https://deepinfra.com,global,6.8,needs_review,N,,200,172,0,claude|gemini|anthropic|deepseek|qwen|mistral|llama,,96.7,0,2026-06-04
133,Jan,https://cortex.so,global,6.8,needs_review,N,,200,443,0,claude|gpt|gemini|chatgpt|anthropic|openai|deepseek|qwen|mistral|llama,,96.7,0,2026-06-04
134,Together AI,https://together.ai,global,6.8,needs_review,N,,200,695,0,gpt|openai|deepseek|qwen|llama,,96.7,0,2026-06-04
135,Replicate,https://www.replicate.com,global,6.8,needs_review,N,,200,705,0,claude|gpt|gemini|anthropic|openai,,96.7,0,2026-06-04
136,GitHub (1Panel-dev/MaxKB),https://github.com/1Panel-dev/MaxKB,global,6.8,open_source_tool,N,,200,930,0,claude|gemini|openai|deepseek|qwen|llama,,96.7,0,2026-06-04
137,CCFly,https://ccfly.codes,cn,6.7,needs_review,N,,200,178,0,claude|anthropic,crypto,96.7,0,2026-06-04
138,Cerebras,https://www.cerebras.ai,global,6.7,needs_review,N,,200,592,0,gpt|openai|qwen|llama,,96.7,0,2026-06-04
139,Fireworks AI,https://fireworks.ai,global,6.7,needs_review,N,,200,796,0,gpt|openai|deepseek|qwen,,96.7,0,2026-06-04
140,GitHub (berriai/litellm),https://github.com/berriai/litellm,global,6.7,open_source_tool,N,litellm,200,817,0,claude|gemini|anthropic|openai,,96.7,0,2026-06-04
141,GitHub (helicone/helicone),https://github.com/helicone/helicone,global,6.7,open_source_tool,N,helicone,200,853,0,claude|gemini|anthropic|openai,,96.7,0,2026-06-04
142,OpenCat,https://opencat.app,global,6.6,needs_review,N,,200,428,0,gpt|chatgpt|openai,,96.7,0,2026-06-04
143,AI Chatbot,https://chatbox.ai,global,6.6,needs_review,N,,200,572,0,gpt|gemini|deepseek,,96.7,0,2026-06-04
144,All-in-one AI platform with multiple chat models,https://lorka.ai,global,6.6,needs_review,N,,200,891,0,gpt|gemini|deepseek,,96.7,0,2026-06-04
145,硅基流动 SiliconFlow,https://siliconflow.cn,cn,6.6,needs_review,N,,200,1897,0,deepseek,wechat,96.7,0,2026-06-04
146,Deepbricks,https://deepbricks.ai,global,6.5,needs_review,N,,200,353,0,gpt|llama,,96.7,0,2026-06-04
147,The AI Developer Cloud,https://runpod.io,global,6.5,needs_review,N,,200,418,0,openai|deepseek,,96.7,0,2026-06-04
148,GitHub (labring/FastGPT),https://github.com/labring/FastGPT,global,6.5,open_source_tool,N,fastgpt,200,794,0,claude|gpt,,96.7,0,2026-06-04
149,GitHub (langgenius/dify),https://github.com/langgenius/dify,global,6.5,open_source_tool,N,dify,200,797,0,claude|gemini,,96.7,0,2026-06-04
150,GitHub (langfuse/langfuse),https://github.com/langfuse/langfuse,global,6.5,open_source_tool,N,litellm,200,821,0,claude|openai,,96.7,0,2026-06-04
151,易客API市场,https://yikeapi.com,global,6.5,needs_review,N,,200,1817,0,,wechat,96.7,0,2026-06-04
152,CUBENCE,https://cubence.com,global,6.4,needs_review,N,,200,154,0,claude,,96.7,0,2026-06-04
153,The Fastest Enterprise AI Gateway,https://langdb.ai,global,6.4,needs_review,N,langdb,200,174,0,openai,,96.7,0,2026-06-04
154,OpenPipe,https://openpipe.ai,global,6.4,needs_review,N,,200,201,0,gpt,,96.7,0,2026-06-04
155,Neo API (oaipro.com),https://oaipro.com,cn,6.4,needs_review,N,,200,232,0,openai,,96.7,0,2026-06-04
156,siliconflow-com,https://www.siliconflow.com,global,6.4,needs_review,N,,200,251,0,gpt,,96.7,0,2026-06-04
157,kluster.ai,https://kluster.ai,global,6.4,needs_review,N,,200,421,0,claude,,96.7,0,2026-06-04
158,88code,https://88code.ai,cn,6.4,needs_review,N,,200,551,0,claude,,96.7,0,2026-06-04
159,Production-scale AI with Ray,https://www.anyscale.com,global,6.4,needs_review,N,,200,594,0,llama,,96.7,0,2026-06-04
160,LiteLLM,https://litellm.ai,global,6.4,needs_review,N,litellm,200,603,0,openai,,96.7,0,2026-06-04
161,codesome.ai,https://codesome.ai,global,6.4,needs_review,N,,200,781,0,claude,,96.7,0,2026-06-04
162,GitHub (VoltAgent/voltagent),https://github.com/VoltAgent/voltagent,global,6.4,needs_review,N,,200,858,0,claude,,96.7,0,2026-06-04
163,GitHub (Portkey-Ai/gateway),https://github.com/Portkey-Ai/gateway,global,6.4,needs_review,N,portkey,200,860,0,claude,,96.7,0,2026-06-04
164,豆子智创,https://mixrai.com,cn,6.4,needs_review,N,,200,870,0,gpt,,96.7,0,2026-06-04
165,Cloudflare AI Cloud,https://ai.cloudflare.com/gateway,global,6.4,needs_review,N,,200,1111,0,llama,,96.7,0,2026-06-04
166,nextweb-dev,https://nextweb.dev,global,6.3,needs_review,N,,200,144,0,,,96.7,0,2026-06-04
167,Dify: Leading Agentic Workflow Builder,https://dify.ai,global,6.3,needs_review,N,dify,200,182,0,,,96.7,0,2026-06-04
168,AI世界 — 7×24 AI 快讯,https://aiclaude.site,cn,6.3,needs_review,N,,200,184,0,,,96.7,0,2026-06-04
169,Production Stack for Gen AI Builders,https://portkey.ai,global,6.3,needs_review,N,portkey,200,189,0,,,96.7,0,2026-06-04
170,The Superintelligence Cloud,https://lambda.ai,global,6.3,needs_review,N,,200,190,0,,,96.7,0,2026-06-04
171,chataigc-com,https://chataigc.com,global,6.3,needs_review,N,,200,192,0,,,96.7,0,2026-06-04
172,辣椒炒肉,https://cursorai.art,global,6.3,needs_review,N,,200,193,0,,,96.7,0,2026-06-04
173,chatgptid-com,https://chatgptid.com,global,6.3,needs_review,N,,200,194,0,,,96.7,0,2026-06-04
174,DataRobot,https://www.datarobot.com,global,6.3,needs_review,N,,200,195,0,,,96.7,0,2026-06-04
175,Site is created successfully!,https://api.ezchat.top,global,6.3,needs_review,N,dify,200,212,0,,,96.7,0,2026-06-04
176,"LangChain: Observe, Evaluate, and Deploy Reliable AI Agents",https://www.langchain.com,global,6.3,needs_review,N,,200,226,0,,,96.7,0,2026-06-04
177,token-ai-com,https://token-ai.com,global,6.3,needs_review,N,,200,229,0,,,96.7,0,2026-06-04
178,Zensors,https://turnaround.ai,global,6.3,needs_review,N,,200,251,0,,,96.7,0,2026-06-04
179,gptgod-online,https://gptgod.online,global,6.3,needs_review,N,,200,253,0,,,96.7,0,2026-06-04
180,AIGC2D,https://aigc2d.com,global,6.3,needs_review,N,,200,427,0,,,96.7,0,2026-06-04
181,Modal: High-performance AI infrastructure,https://modal.com,global,6.3,needs_review,N,,200,427,0,,,96.7,0,2026-06-04
182,World Leader in Artificial Intelligence Computing (octoml.ai),https://octoml.ai,global,6.3,needs_review,N,,200,502,0,,,96.7,0,2026-06-04
183,World Leader in Artificial Intelligence Computing (octo.ai),https://octo.ai,global,6.3,needs_review,N,,200,544,0,,,96.7,0,2026-06-04
184,AIGoCode,https://aigocode.com,global,6.3,needs_review,N,,200,573,0,,,96.7,0,2026-06-04
185,七牛云开发者平台,https://portal.qiniu.com/ai,global,6.3,needs_review,N,,200,629,0,,,96.7,0,2026-06-04
186,kodbase-com,https://kodbase.com,global,6.3,needs_review,N,,200,765,0,,,96.7,0,2026-06-04
187,404 Not Found (lingyaai.com),https://lingyaai.com,global,6.3,needs_review,N,,200,768,0,,,96.7,0,2026-06-04
188,api-tomchat-fun,https://api.tomchat.fun,global,6.3,needs_review,N,,200,788,0,,,96.7,0,2026-06-04
189,ChatMoss,https://api.aihao123.cn,global,6.3,needs_review,N,,200,796,0,,,96.7,0,2026-06-04
190,智谱AI开放平台,https://open.bigmodel.cn,cn,6.3,needs_review,N,,200,939,0,,,96.7,0,2026-06-04
191,PearNo,https://api.pearktrue.cn,global,6.3,needs_review,N,,200,955,0,,,96.7,0,2026-06-04
192,网站正在升级,https://foxaigc.com,global,6.3,needs_review,N,,200,2067,0,,,96.7,0,2026-06-04
193,OneAI — All Local AI Tools for Your PC,https://oneai.icu,global,6.1,needs_review,N,,200,208,0,claude|gpt|gemini|chatgpt|qwen|mistral|grok|llama,,10.0,0,2026-06-04
194,Reka,https://reka.ai,global,6.0,needs_review,N,,200,12315,0,,,96.7,0,2026-06-04
195,全球影视资源免费站,https://www.c-cbd.com,global,5.6,needs_review,N,,200,167,0,,,60.0,0,2026-06-04
196,ionet-com,https://ionet.com,global,5.6,needs_review,N,,200,203,0,,,73.3,0,2026-06-04
197,Connect Developers to Global GPU Compute,https://lepton.ai,global,5.6,needs_review,N,,200,433,0,,,73.3,0,2026-06-04
198,topjl-cn,https://topjl.cn,global,5.6,needs_review,N,,200,1913,0,,,66.7,0,2026-06-04
199,api-topjl-cn,https://api.topjl.cn,global,5.3,needs_review,N,,200,5062,0,,,66.7,0,2026-06-04
